0,42.222176616,15.926053487,0.089229452,0.074261278,1.710991037,0.170111411,1.874481767,0,0,0
0.025,42.222677284,15.927357178,0.089830147,0.074311559,0.535786223,0.054075279,0.699927928,0,0,0
0.05,42.224179834,15.931270854,0.090344134,0.074462402,0.499901071,0.050532089,0.664707607,0,0,0
0.075,42.226685899,15.937802348,0.091049814,0.074713807,0.499744812,0.05051666,0.665508434,0,0,0
0.1,42.230198214,15.946964765,0.091971307,0.075065775,0.499526051,0.05049506,0.666563133,0,0,0
0.125,42.234720624,15.958776567,0.09311941,0.075518305,0.499244786,0.050467289,0.667882501,0,0,0
0.15,42.240258107,15.973261683,0.09450152,0.076071396,0.498901018,0.050433347,0.669473934,0,0,0
0.175,42.246816794,15.99044966,0.096124113,0.07672505,0.498494747,0.050393233,0.671343911,0,0,0
0.2,42.254404004,16.010375849,0.097993682,0.077479267,0.498025973,0.050346947,0.673498922,0,0,0
0.225,42.263028278,16.033081629,0.100117194,0.078334045,0.497494695,0.05029449,0.675945934,0,0,0
0.25,42.272699427,16.058614679,0.102502385,0.079289385,0.496900914,0.050235862,0.678692684,0,0,0
0.275,42.283428575,16.087029286,0.105157989,0.080345288,0.49624463,0.050171063,0.681747906,0,0,0
0.3,42.295228228,16.118386714,0.108093955,0.081501752,0.495525842,0.050100092,0.685121549,0,0,0
0.325,42.308112334,16.152755623,0.11132167,0.082758779,0.494744552,0.05002295,0.688825001,0,0,0
0.35,42.322096367,16.19021255,0.114854218,0.084116368,0.493900758,0.049939636,0.692871344,0,0,0
0.375,42.337197408,16.230842462,0.118706674,0.085574519,0.49299446,0.049850151,0.697275654,0,0,0
0.4,42.353434251,16.274739385,0.122896467,0.087133233,0.49202566,0.049754495,0.70205536,0,0,0
0.425,42.370827514,16.322007121,0.127443818,0.088792508,0.490994356,0.049652667,0.707230682,0,0,0
0.45,42.389399765,16.372760066,0.132372285,0.090552346,0.489900549,0.049544668,0.71282518,0,0,0
0.475,42.409175672,16.427124143,0.137709451,0.092412745,0.488744239,0.049430497,0.718866435,0,0,0
0.5,42.430182163,16.485237865,0.143487781,0.094373707,0.487525425,0.049310155,0.725386913,0,0,0
0.525,42.454077521,16.547253552,0.149745742,0.096435231,0.486244108,0.049183642,0.732425082,0,0,0
0.55,42.48230487,16.613338721,0.156529237,0.098597317,0.484900288,0.049050957,0.740026843,0,0,0
0.575,42.514601359,16.683677689,0.163893502,0.100859966,0.483493965,0.048912101,0.748247433,0,0,0
0.6,42.550719718,16.758473405,0.171905631,0.103223176,0.482025138,0.048767074,0.757153945,0,0,0
0.625,42.590431287,16.837949576,0.180648002,0.105686949,0.480493808,0.048615875,0.766828759,0,0,0
0.65,42.633526,16.922353121,0.19022301,0.108251284,0.478899975,0.048458505,0.777374268,0,0,0
0.675,42.679812435,17.01195703,0.200759726,0.11091618,0.477243639,0.048294963,0.788919546,0,0,0
0.7,42.729117927,17.107063692,0.21242352,0.113681639,0.475524799,0.04812525,0.801629958,0,0,0
0.725,42.781288758,17.208008803,0.225430299,0.116547661,0.473743456,0.047949366,0.815721416,0,0,0
0.75,42.836190444,17.315165967,0.240068294,0.119514244,0.47189961,0.04776731,0.831482148,0,0,0
0.775,42.893708142,17.42895214,0.256733625,0.122581389,0.469993261,0.047579083,0.849308275,0,0,0
0.8,42.953747183,17.549834121,0.275985154,0.125749097,0.468024408,0.047384684,0.86975866,0,0,0
0.825,43.016233784,17.678336316,0.298645438,0.129017367,0.465993052,0.047184115,0.893655857,0,0,0
0.85,43.081115961,17.815050112,0.325989113,0.132386199,0.463899193,0.046977373,0.922274505,0,0,0
0.875,43.1483647,17.960645265,0.360120328,0.135855593,0.461742831,0.046764461,0.957718751,0,0,0
0.9,43.217975452,18.115883829,0.405140764,0.139425549,0.459523965,0.046545377,1.004090278,0,0,0
0.925,43.289062766,18.279067899,0.398250171,0.143096067,0.453408202,0.045941525,0.99475444,0,0,0
0.95,43.358398588,18.441658781,0.391469862,0.146867148,0.447292439,0.045337673,0.985629449,0,0,0
0.975,43.422826647,18.594635973,0.384800008,0.150738791,0.441176676,0.044733821,0.976715475,0,0,0
1,43.479623598,18.729573457,0.37824078,0.154710995,0.435060914,0.04412997,0.96801269,0,0,0
1.025,43.526452953,18.838717021,0.412370048,0.150937557,0.428945151,0.077794997,0.992252756,0,0,0
1.05,43.561308304,18.915061583,0.434911393,0.147343805,0.422829388,0.099899884,1.005084586,0,0,0
1.075,43.5824536,18.952428518,0.447491148,0.143917205,0.416713625,0.112000919,1.008121979,0,0,0
1.1,43.588366127,18.945542983,0.451654161,0.140646359,0.410597863,0.115654393,1.002898383,0,0,0
1.125,43.577686309,18.890111239,0.448056727,0.137520885,0.407249541,0.11180068,0.992827153,0,0,0
1.15,43.549177505,18.782897977,0.439581631,0.1345313,0.403881973,0.103054738,0.977994904,0,0,0
1.175,43.501698739,18.621803645,0.427779647,0.131668932,0.400497454,0.090973082,0.959946033,0,0,0
1.2,43.434193733,18.405941769,0.414204301,0.12892583,0.397098219,0.077112224,0.940228349,0,0,0
1.225,43.345700717,18.135716281,0.400629369,0.12629469,0.393686447,0.06325114,0.920610506,0,0,0
1.25,43.235389359,17.812898842,0.388830833,0.123768796,0.390264255,0.05116851,0.902863884,0,0,0
1.275,43.102633771,17.440706168,0.380363149,0.121341957,0.386833701,0.042420827,0.888538807,0,0,0
1.3,42.947133951,17.023877353,0.376781292,0.119008458,0.383396777,0.038564578,0.879186528,0,0,0
1.325,42.769101926,16.568751196,0.376678058,0.116763015,0.379955416,0.038193651,0.87339649,0,0,0
1.35,42.569532675,16.083343524,0.376570251,0.114600737,0.376511485,0.037825615,0.867682473,0,0,0
1.375,42.350581875,15.577424516,0.376463624,0.112517088,0.373066786,0.037460184,0.862047498,0,0,0
1.4,42.116069354,15.062596034,0.37635253,0.110507854,0.369623061,0.037097133,0.856483445,0,0,0
1.425,41.872112836,14.552368937,0.376235781,0.10856912,0.366181984,0.036736593,0.850986885,0,0,0
1.45,41.627861719,14.062240416,0.376112907,0.106697238,0.362745168,0.036378115,0.845555314,0,0,0
1.475,41.396233471,13.609771312,0.375983932,0.10488881,0.35931416,0.036021652,0.840186903,0,0,0
1.5,41.194447339,13.214663447,0.375851194,0.103140664,0.355890446,0.03566718,0.834882304,0,0,0
1.525,41.033722611,12.900697791,0.375716689,0.101449833,0.352475448,0.035314866,0.82964197,0,0,0
1.55,40.864098762,12.586732136,0.375576779,0.099813545,0.349070527,0.034964525,0.824460852,0,0,0
1.575,40.684973129,12.272766481,0.375431752,0.098229203,0.345676983,0.034616187,0.819337938,0,0,0
1.6,40.495676712,11.958800825,0.375281921,0.096694372,0.342296055,0.034269888,0.814272348,0,0,0
1.625,40.341224677,11.71359162,0.375127724,0.095206766,0.338928923,0.03392578,0.809263414,0,0,0
1.65,40.179578468,11.468382414,0.374969371,0.09376424,0.33557671,0.033583783,0.804310321,0,0,0
1.675,40.010331507,11.223173209,0.374807205,0.092364773,0.332240481,0.033243948,0.799412459,0,0,0
1.7,39.833036863,10.977964003,0.374641563,0.091006468,0.328921245,0.032906326,0.794569276,0,0,0
1.725,39.684006034,10.779648704,0.374472854,0.089687534,0.325619958,0.032571044,0.789780345,0,0,0
1.75,39.529028575,10.581333405,0.374301317,0.088406283,0.322337519,0.032238067,0.785045119,0,0,0
1.775,39.367812315,10.383018107,0.374127267,0.087161124,0.319074781,0.031907447,0.780363172,0,0,0
1.8,39.200037718,10.184702808,0.373951009,0.085950553,0.31583254,0.031579231,0.775734102,0,0,0
1.825,39.055953859,10.020102589,0.373772888,0.084773148,0.312611547,0.031253524,0.771157583,0,0,0
1.85,38.906863696,9.85550237,0.373593121,0.083627565,0.309412504,0.030930307,0.76663319,0,0,0
1.875,38.752543129,9.690902151,0.373411972,0.082512531,0.306236066,0.030609625,0.76216057,0,0,0
1.9,38.592747657,9.526301932,0.373229694,0.08142684,0.303082845,0.030291519,0.757739378,0,0,0
1.925,38.45328026,9.386924547,0.373046564,0.080369348,0.299953406,0.029976067,0.753369319,0,0,0
1.95,38.309515061,9.247547163,0.372862763,0.079338972,0.296848275,0.029663261,0.74905001,0,0,0
1.975,38.161267028,9.108169779,0.372678501,0.078334681,0.293767937,0.029353134,0.744781119,0,0,0
2,38.008370082,8.968792394,0.372493978,0.077355498,0.290712836,0.029045715,0.740562311,0,0,0
2.025,37.873122011,8.848879291,0.372309412,0.076400492,0.287683379,0.028741066,0.736393283,0,0,0
2.05,37.734009344,8.728966187,0.372124944,0.075468778,0.284679938,0.028439176,0.73227366,0,0,0
2.075,37.590880303,8.609053084,0.371940736,0.074559516,0.281702848,0.028140069,0.7282031,0,0,0
2.1,37.443573673,8.48913998,0.371756943,0.073671903,0.278752412,0.027843764,0.724181258,0,0,0
2.125,37.311854718,8.384625841,0.371573732,0.072805174,0.2758289,0.027550306,0.720207806,0,0,0
2.15,37.176696301,8.280111702,0.371391209,0.071958603,0.272932549,0.027259681,0.716282361,0,0,0
2.175,37.037973293,8.175597564,0.37121981,0.071131492,0.270063571,0.026971904,0.712414873,0,0,0
2.2,36.895553535,8.071083425,0.371054612,0.07032318,0.267222145,0.026686984,0.708599937,0,0,0
2.225,36.767070174,7.979003137,0.370890702,0.069533032,0.264408425,0.026404952,0.704832158,0,0,0
2.25,36.635496841,7.886922848,0.370728152,0.068760442,0.261622539,0.026125792,0.701111133,0,0,0
2.275,36.500728914,7.79484256,0.37056705,0.068004833,0.25886459,0.025849508,0.697436473,0,0,0
2.3,36.362656407,7.702762272,0.370407479,0.06726565,0.256134657,0.025576102,0.693807786,0,0,0
2.325,36.237162604,7.620894082,0.370249529,0.066542364,0.253432797,0.025305594,0.69022469,0,0,0
2.35,36.108871206,7.539025892,0.370093252,0.065834466,0.250759047,0.025037962,0.686686765,0,0,0
2.375,35.977693686,7.457157702,0.36993871,0.065141472,0.24811342,0.024773205,0.683193602,0,0,0
2.4,35.843537342,7.375289512,0.369797027,0.064462915,0.245495914,0.024511318,0.679755856,0,0,0
2.425,35.720824776,7.301930531,0.36965801,0.063798349,0.242906505,0.024252309,0.676362864,0,0,0
2.45,35.595562797,7.228571549,0.369521039,0.063147345,0.240345155,0.023996155,0.673013539,0,0,0
2.475,35.467675727,7.155212568,0.369386156,0.062509493,0.237811807,0.023742849,0.669707456,0,0,0
2.5,35.337084578,7.081853587,0.369253399,0.061884398,0.235306389,0.023492379,0.666444186,0,0,0
2.525,35.216975041,7.015673189,0.369122812,0.061271681,0.232828817,0.023244746,0.66322331,0,0,0
2.55,35.094529361,6.949492791,0.368994412,0.060670979,0.230378989,0.022999924,0.66004438,0,0,0
2.575,34.969682262,6.883312392,0.368868227,0.06008194,0.227956794,0.0227579,0.656906961,0,0,0
2.6,34.842365815,6.817131994,0.368744279,0.059504229,0.225562106,0.02251866,0.653810615,0,0,0
2.625,34.724705332,6.757072999,0.3686226,0.058937522,0.22319479,0.022282196,0.650754911,0,0,0
2.65,34.604893899,6.697014005,0.368503194,0.058381508,0.220854697,0.022048483,0.647739399,0,0,0
2.675,34.48287478,6.636955011,0.368386079,0.057835886,0.218541672,0.021817501,0.644763637,0,0,0
2.7,34.358589074,6.576896016,0.368271265,0.057300369,0.216255548,0.021589233,0.641827182,0,0,0
2.725,34.243243337,6.52210625,0.368158773,0.056774677,0.213996149,0.021363668,0.6389296,0,0,0
2.75,34.125908926,6.467316483,0.368048601,0.056258544,0.211763294,0.021140777,0.636070439,0,0,0
2.775,34.006536186,6.412526717,0.367940755,0.05575171,0.20955679,0.02092054,0.633249256,0,0,0
2.8,33.88507368,6.357736951,0.36783524,0.055253927,0.207376442,0.020702935,0.630465609,0,0,0
2.825,33.771924491,6.307520691,0.367732067,0.054764954,0.205222045,0.020487948,0.627719066,0,0,0
2.85,33.656929943,6.257304432,0.367631227,0.05428456,0.203093388,0.020275549,0.625009176,0,0,0
2.875,33.540046313,6.207088173,0.367532722,0.05381252,0.200990258,0.020065716,0.622335501,0,0,0
2.9,33.421228398,6.156871914,0.367436549,0.053348619,0.198912434,0.019858424,0.619697603,0,0,0
2.925,33.310170871,6.110654739,0.36728238,0.052892648,0.196859691,0.019653658,0.617034719,0,0,0
2.95,33.197395432,6.064437564,0.367113731,0.052444405,0.194831802,0.019451386,0.614389937,0,0,0
2.975,33.082863368,6.018220389,0.366946631,0.052003696,0.192828532,0.019251585,0.611778859,0,0,0
3,32.966534732,5.972003214,0.36678108,0.051570332,0.190849648,0.019054229,0.60920106,0,0,0
